[{"model": "auth.permission", "pk": 1, "fields": {"name": "Can add permission", "content_type": 1, "codename": "add_permission"}}, {"model": "auth.permission", "pk": 2, "fields": {"name": "Can change permission", "content_type": 1, "codename": "change_permission"}}, {"model": "auth.permission", "pk": 3, "fields": {"name": "Can delete permission", "content_type": 1, "codename": "delete_permission"}}, {"model": "auth.permission", "pk": 4, "fields": {"name": "Can view permission", "content_type": 1, "codename": "view_permission"}}, {"model": "auth.permission", "pk": 5, "fields": {"name": "Can add group", "content_type": 2, "codename": "add_group"}}, {"model": "auth.permission", "pk": 6, "fields": {"name": "Can change group", "content_type": 2, "codename": "change_group"}}, {"model": "auth.permission", "pk": 7, "fields": {"name": "Can delete group", "content_type": 2, "codename": "delete_group"}}, {"model": "auth.permission", "pk": 8, "fields": {"name": "Can view group", "content_type": 2, "codename": "view_group"}}, {"model": "auth.permission", "pk": 9, "fields": {"name": "Can add content type", "content_type": 3, "codename": "add_contenttype"}}, {"model": "auth.permission", "pk": 10, "fields": {"name": "Can change content type", "content_type": 3, "codename": "change_contenttype"}}, {"model": "auth.permission", "pk": 11, "fields": {"name": "Can delete content type", "content_type": 3, "codename": "delete_contenttype"}}, {"model": "auth.permission", "pk": 12, "fields": {"name": "Can view content type", "content_type": 3, "codename": "view_contenttype"}}, {"model": "auth.permission", "pk": 13, "fields": {"name": "Can add user", "content_type": 4, "codename": "add_myuser"}}, {"model": "auth.permission", "pk": 14, "fields": {"name": "Can change user", "content_type": 4, "codename": "change_myuser"}}, {"model": "auth.permission", "pk": 15, "fields": {"name": "Can delete user", "content_type": 4, "codename": "delete_myuser"}}, {"model": "auth.permission", "pk": 16, "fields": {"name": "Can view user", "content_type": 4, "codename": "view_myuser"}}, {"model": "auth.permission", "pk": 17, "fields": {"name": "Can add announcement", "content_type": 5, "codename": "add_announcement"}}, {"model": "auth.permission", "pk": 18, "fields": {"name": "Can change announcement", "content_type": 5, "codename": "change_announcement"}}, {"model": "auth.permission", "pk": 19, "fields": {"name": "Can delete announcement", "content_type": 5, "codename": "delete_announcement"}}, {"model": "auth.permission", "pk": 20, "fields": {"name": "Can view announcement", "content_type": 5, "codename": "view_announcement"}}, {"model": "auth.permission", "pk": 21, "fields": {"name": "Can add server status", "content_type": 6, "codename": "add_serverstatus"}}, {"model": "auth.permission", "pk": 22, "fields": {"name": "Can change server status", "content_type": 6, "codename": "change_serverstatus"}}, {"model": "auth.permission", "pk": 23, "fields": {"name": "Can delete server status", "content_type": 6, "codename": "delete_serverstatus"}}, {"model": "auth.permission", "pk": 24, "fields": {"name": "Can view server status", "content_type": 6, "codename": "view_serverstatus"}}, {"model": "auth.permission", "pk": 25, "fields": {"name": "Can add ranking", "content_type": 7, "codename": "add_ranking"}}, {"model": "auth.permission", "pk": 26, "fields": {"name": "Can change ranking", "content_type": 7, "codename": "change_ranking"}}, {"model": "auth.permission", "pk": 27, "fields": {"name": "Can delete ranking", "content_type": 7, "codename": "delete_ranking"}}, {"model": "auth.permission", "pk": 28, "fields": {"name": "Can view ranking", "content_type": 7, "codename": "view_ranking"}}, {"model": "auth.permission", "pk": 29, "fields": {"name": "Can add log entry", "content_type": 8, "codename": "add_logentry"}}, {"model": "auth.permission", "pk": 30, "fields": {"name": "Can change log entry", "content_type": 8, "codename": "change_logentry"}}, {"model": "auth.permission", "pk": 31, "fields": {"name": "Can delete log entry", "content_type": 8, "codename": "delete_logentry"}}, {"model": "auth.permission", "pk": 32, "fields": {"name": "Can view log entry", "content_type": 8, "codename": "view_logentry"}}, {"model": "auth.permission", "pk": 33, "fields": {"name": "Can add session", "content_type": 9, "codename": "add_session"}}, {"model": "auth.permission", "pk": 34, "fields": {"name": "Can change session", "content_type": 9, "codename": "change_session"}}, {"model": "auth.permission", "pk": 35, "fields": {"name": "Can delete session", "content_type": 9, "codename": "delete_session"}}, {"model": "auth.permission", "pk": 36, "fields": {"name": "Can view session", "content_type": 9, "codename": "view_session"}}, {"model": "contenttypes.contenttype", "pk": 1, "fields": {"app_label": "auth", "model": "permission"}}, {"model": "contenttypes.contenttype", "pk": 2, "fields": {"app_label": "auth", "model": "group"}}, {"model": "contenttypes.contenttype", "pk": 3, "fields": {"app_label": "contenttypes", "model": "contenttype"}}, {"model": "contenttypes.contenttype", "pk": 4, "fields": {"app_label": "apiserver", "model": "myuser"}}, {"model": "contenttypes.contenttype", "pk": 5, "fields": {"app_label": "apiserver", "model": "announcement"}}, {"model": "contenttypes.contenttype", "pk": 6, "fields": {"app_label": "apiserver", "model": "serverstatus"}}, {"model": "contenttypes.contenttype", "pk": 7, "fields": {"app_label": "apiserver", "model": "ranking"}}, {"model": "contenttypes.contenttype", "pk": 8, "fields": {"app_label": "admin", "model": "logentry"}}, {"model": "contenttypes.contenttype", "pk": 9, "fields": {"app_label": "sessions", "model": "session"}}, {"model": "apiserver.myuser", "pk": -117, "fields": {"password": "", "last_login": null, "is_superuser": false, "username": "NFame", "email": "", "is_staff": false, "is_active": false, "date_joined": "2019-09-01T13:52:14Z", "google_id": "", "money": 0, "jewel": 0, "jewel_2": 0, "experience": 0, "level": 0, "groups": [], "user_permissions": []}}, {"model": "apiserver.myuser", "pk": -116, "fields": {"password": "", "last_login": null, "is_superuser": false, "username": "ㅏ", "email": "", "is_staff": false, "is_active": false, "date_joined": "2019-09-01T13:52:14Z", "google_id": "", "money": 0, "jewel": 0, "jewel_2": 0, "experience": 0, "level": 0, "groups": [], "user_permissions": []}}, {"model": "apiserver.myuser", "pk": -115, "fields": {"password": "", "last_login": null, "is_superuser": false, "username": "No thanks ", "email": "", "is_staff": false, "is_active": false, "date_joined": "2019-09-01T13:52:14Z", "google_id": "", "money": 0, "jewel": 0, "jewel_2": 0, "experience": 0, "level": 0, "groups": [], "user_permissions": []}}, {"model": "apiserver.myuser", "pk": -114, "fields": {"password": "", "last_login": null, "is_superuser": false, "username": "큭", "email": "", "is_staff": false, "is_active": false, "date_joined": "2019-09-01T13:52:14Z", "google_id": "", "money": 0, "jewel": 0, "jewel_2": 0, "experience": 0, "level": 0, "groups": [], "user_permissions": []}}, {"model": "apiserver.myuser", "pk": -113, "fields": {"password": "", "last_login": null, "is_superuser": false, "username": "생2외않헤", "email": "", "is_staff": false, "is_active": false, "date_joined": "2019-09-01T13:52:14Z", "google_id": "", "money": 0, "jewel": 0, "jewel_2": 0, "experience": 0, "level": 0, "groups": [], "user_permissions": []}}, {"model": "apiserver.myuser", "pk": -112, "fields": {"password": "", "last_login": null, "is_superuser": false, "username": "윽", "email": "", "is_staff": false, "is_active": false, "date_joined": "2019-09-01T13:52:14Z", "google_id": "", "money": 0, "jewel": 0, "jewel_2": 0, "experience": 0, "level": 0, "groups": [], "user_permissions": []}}, {"model": "apiserver.myuser", "pk": -111, "fields": {"password": "", "last_login": null, "is_superuser": false, "username": "덕배", "email": "", "is_staff": false, "is_active": false, "date_joined": "2019-09-01T13:52:14Z", "google_id": "", "money": 0, "jewel": 0, "jewel_2": 0, "experience": 0, "level": 0, "groups": [], "user_permissions": []}}, {"model": "apiserver.myuser", "pk": -110, "fields": {"password": "", "last_login": null, "is_superuser": false, "username": "최수준 생명 1타", "email": "", "is_staff": false, "is_active": false, "date_joined": "2019-09-01T13:52:14Z", "google_id": "", "money": 0, "jewel": 0, "jewel_2": 0, "experience": 0, "level": 0, "groups": [], "user_permissions": []}}, {"model": "apiserver.myuser", "pk": -109, "fields": {"password": "", "last_login": null, "is_superuser": false, "username": "오오", "email": "", "is_staff": false, "is_active": false, "date_joined": "2019-09-01T13:52:14Z", "google_id": "", "money": 0, "jewel": 0, "jewel_2": 0, "experience": 0, "level": 0, "groups": [], "user_permissions": []}}, {"model": "apiserver.myuser", "pk": -108, "fields": {"password": "", "last_login": null, "is_superuser": false, "username": "육육몽", "email": "", "is_staff": false, "is_active": false, "date_joined": "2019-09-01T13:52:14Z", "google_id": "", "money": 0, "jewel": 0, "jewel_2": 0, "experience": 0, "level": 0, "groups": [], "user_permissions": []}}, {"model": "apiserver.myuser", "pk": -107, "fields": {"password": "", "last_login": null, "is_superuser": false, "username": "연우", "email": "", "is_staff": false, "is_active": false, "date_joined": "2019-09-01T13:52:14Z", "google_id": "", "money": 0, "jewel": 0, "jewel_2": 0, "experience": 0, "level": 0, "groups": [], "user_permissions": []}}, {"model": "apiserver.myuser", "pk": -106, "fields": {"password": "", "last_login": null, "is_superuser": false, "username": "김현", "email": "", "is_staff": false, "is_active": false, "date_joined": "2019-09-01T13:52:14Z", "google_id": "", "money": 0, "jewel": 0, "jewel_2": 0, "experience": 0, "level": 0, "groups": [], "user_permissions": []}}, {"model": "apiserver.myuser", "pk": -105, "fields": {"password": "", "last_login": null, "is_superuser": false, "username": "OG", "email": "", "is_staff": false, "is_active": false, "date_joined": "2019-09-01T13:52:14Z", "google_id": "", "money": 0, "jewel": 0, "jewel_2": 0, "experience": 0, "level": 0, "groups": [], "user_permissions": []}}, {"model": "apiserver.myuser", "pk": -104, "fields": {"password": "", "last_login": null, "is_superuser": false, "username": "MonsterArt", "email": "", "is_staff": false, "is_active": false, "date_joined": "2019-09-01T13:52:14Z", "google_id": "", "money": 0, "jewel": 0, "jewel_2": 0, "experience": 0, "level": 0, "groups": [], "user_permissions": []}}, {"model": "apiserver.myuser", "pk": -103, "fields": {"password": "", "last_login": null, "is_superuser": false, "username": "HttpNoooo", "email": "", "is_staff": false, "is_active": false, "date_joined": "2019-09-01T13:52:14Z", "google_id": "", "money": 0, "jewel": 0, "jewel_2": 0, "experience": 0, "level": 0, "groups": [], "user_permissions": []}}, {"model": "apiserver.myuser", "pk": -102, "fields": {"password": "", "last_login": null, "is_superuser": false, "username": "Duplicate3", "email": "", "is_staff": false, "is_active": false, "date_joined": "2019-09-01T13:52:14Z", "google_id": "", "money": 0, "jewel": 0, "jewel_2": 0, "experience": 0, "level": 0, "groups": [], "user_permissions": []}}, {"model": "apiserver.myuser", "pk": -101, "fields": {"password": "", "last_login": null, "is_superuser": false, "username": "NEO", "email": "", "is_staff": false, "is_active": false, "date_joined": "2019-09-01T13:52:14Z", "google_id": "", "money": 0, "jewel": 0, "jewel_2": 0, "experience": 0, "level": 0, "groups": [], "user_permissions": []}}, {"model": "apiserver.myuser", "pk": -100, "fields": {"password": "", "last_login": null, "is_superuser": false, "username": "osol", "email": "", "is_staff": false, "is_active": false, "date_joined": "2019-09-01T13:52:14Z", "google_id": "", "money": 0, "jewel": 0, "jewel_2": 0, "experience": 0, "level": 0, "groups": [], "user_permissions": []}}, {"model": "apiserver.myuser", "pk": -99, "fields": {"password": "", "last_login": null, "is_superuser": false, "username": "anonymous", "email": "", "is_staff": false, "is_active": false, "date_joined": "2019-09-01T13:52:14Z", "google_id": "", "money": 0, "jewel": 0, "jewel_2": 0, "experience": 0, "level": 0, "groups": [], "user_permissions": []}}, {"model": "apiserver.myuser", "pk": 1, "fields": {"password": "asdf", "last_login": null, "is_superuser": false, "username": "ahahahaha", "email": "", "is_staff": false, "is_active": true, "date_joined": "2020-08-16T02:23:27.511Z", "google_id": "blah", "money": 0, "jewel": 0, "jewel_2": 0, "experience": 0, "level": 0, "groups": [], "user_permissions": []}}, {"model": "apiserver.announcement", "pk": 1, "fields": {"time": "2019-08-30T14:40:50Z", "image": "https://codonmaster.000webhostapp.com/bug.png", "title": "Ranking is not reflected?", "content": "It is fixed in the newest version. Please update the game. Thank you.", "title_ko": "랭킹 등록이 안 되었던 점에 대하여", "content_ko": "코드에 오타를 내는 바람에 랭킹 등록이 안 되는 문제가 있었습니다. 새 버전에서는 고쳐졌으니 새 버전을 사용하여 업데이트해 주시기 바랍니다. 감사합니다.", "type": 0}}, {"model": "apiserver.announcement", "pk": 2, "fields": {"time": "2019-08-31T08:14:19Z", "image": "https://codonmaster.000webhostapp.com/bug.png", "title": "The nickname input is covered by the ads and the keyboard", "content": "It is fixed in the newest version. Please update the game to see the improvements. Thank you!", "title_ko": "광고와 키보드에 입력창이 가려지는 문제에 대하여", "content_ko": "현재 광고와 키보드에 입력창이 가려지는 문제가 있습니다. 다음 버전에서 해결할 예정입니다. 감사합니다.", "type": 0}}, {"model": "apiserver.announcement", "pk": 4, "fields": {"time": "2019-08-31T08:17:59Z", "image": "https://codonmaster.000webhostapp.com/bug.png", "title": "Too much performance in the game crashes the game", "content": "There is a bug that the game crashes when the user inputs quickly before the amino acids come out(using hint) Fixed in ver 1.5.", "title_ko": "게임을 너무 잘 하면 크래시되는 문제에 대하여", "content_ko": "현재 힌트를 이용하여 아미노산이 나오기도 전에 코돈을 전부 입력하면 앱이 크래시되는 버그가 있습니다. 다음 버전에서 수정됩니다,", "type": 0}}, {"model": "apiserver.announcement", "pk": 7, "fields": {"time": "2019-09-01T11:21:15Z", "image": "https://codonmaster.000webhostapp.com/earth.png", "title": "Announcements are displayed in English", "content": "The internationalized announcements are displayed from ver 1.5 release. Thank you. Currently available language : ko", "title_ko": "공지가 영어로 나올 수도 있는 것에 대하여", "content_ko": "현재 해외 접속자가 확인되어 영어 공지를 추가하기로 하였으며, 공지 언어의 정상적인 반영은 다음 버전부터 적용됩니다. 감사합니다.", "type": 0}}, {"model": "apiserver.announcement", "pk": 8, "fields": {"time": "2019-09-01T11:21:15Z", "image": "", "title": "About the \\\"Genius\\\" user", "content": "It's the developer's test nickname. The crowded records of the user is now deleted.", "title_ko": "Genius 접속자에 대하여", "content_ko": "개발자의 테스트 계정입니다. 현재 랭킹에 다량 출현하여 삭제하는 작업을 진행하였습니다. 감사합니다.", "type": 0}}, {"model": "apiserver.announcement", "pk": 9, "fields": {"time": "2019-09-01T13:52:14Z", "image": "https://codonmaster.000webhostapp.com/update.png", "title": "ver 1.5 Release", "content": "A new version ver.1.5 is released.<br>\\r\\n\\r\\n- Improved UI and performance.<br>\\r\\n- Better support for internationalization <br>\\r\\n- Fixed bugs <br>\\r\\n- Changed life penalties<br>\\r\\n\\r\\nPlease update this app soon.<br>\\r\\n\\r\\nThe force update will be done at Sep. 5th. 3P.M. thank you.<br>", "title_ko": "ver 1.5 릴리스", "content_ko": "새로운 버전 1.5가 게시되었습니다. <br>\\r\\n\\r\\n- UI와 성능 개선<br>\\r\\n- 국제화 기능 지원 개선<br>\\r\\n- 버그 수정<br>\\r\\n- 라이프 패널티 변경<br>\\r\\n<br>\\r\\n빠른 시일 내에 업데이트 부탁드립니다.<br>\\r\\n<br>\\r\\n강제 업데이트는 9월 5일 오후 3시였으나 새로운 버전 1.6으로 바로 점프하기위해 9월 7일 3시로 변경되었습니다. 감사합니다. <br>", "type": 0}}, {"model": "apiserver.announcement", "pk": 10, "fields": {"time": "2019-09-02T07:24:04Z", "image": "https://codonmaster.000webhostapp.com/earth.png", "title": "About announcements' language", "content": "The announcements will be tralnslated to English soon. Thank you.", "title_ko": "도움말 내용이 영어로 나오는 문제에 대하여", "content_ko": "도움말 내용이 영어로 나오는 문제가 있었습니다. 현재는 해결되었으니 다시 확인 가능합니다. 감사합니다.", "type": 0}}, {"model": "apiserver.announcement", "pk": 11, "fields": {"time": "2019-09-04T08:23:33Z", "image": "https://codonmaster.000webhostapp.com/bug.png", "title": "About numerous identical ranking data", "content": "A bug that several identical records are registered in the same time has been found. I am looking for the cause of the bug. Thank you.", "title_ko": "같은 점수의 랭킹이 수십개가 같은 시간에 등록되는 버그", "content_ko": "같은 점수의 랭킹이 수십개가 같은 시간에 등록되는 버그가 확인되었습니다. 현재 원인 파악 중에 있습니다. 감사합니다.", "type": 0}}, {"model": "apiserver.announcement", "pk": 12, "fields": {"time": "2019-09-05T04:33:34Z", "image": "https://codonmaster.000webhostapp.com/FixBug.png", "title": "Fixed duplicate score bugs", "content": "The duplicate score records were fixed today. Please update to the latest version to prevent this phenomenon from happening again. (The new version has not been released yet)", "title_ko": "랭킹의 중복된 레코드 문제가 수정되었습니다", "content_ko": "중복된 레코드를 전부 제거하였습니다. 버그 수정판은 내일 공개될 예정입니다. 감사합니다.", "type": 0}}, {"model": "apiserver.announcement", "pk": 13, "fields": {"time": "2019-09-07T14:27:01Z", "image": "https://codonmaster.000webhostapp.com/update.png", "title": "ver 1.6 release", "content": "The ver 1.6 of codonmaster was released. The chagnes and new features are below:\\r\\n<br>\\r\\n<ul>\\r\\n<li> Fixed duplicate record bugs. </li>\\r\\n<li> Separated online mode and offline mode. </li>\\r\\n</ul>\\r\\n<br>\\r\\nThe force update is done at Sep,08th. 6pm.\\r\\n Thank you.", "title_ko": "버전 1.6 릴리즈", "content_ko": "코돈 마스터의 1.6 버전이 릴리즈되었습니다. 개선 및 수정사항은 다음과 같습니다.\\r\\n<br>\\r\\n<ul>\\r\\n<li> 중복 랭킹 레코드 버그 수정 </li>\\r\\n<li> 온라인 모드와 오프라인 모드의 분리 </li>\\r\\n</ul>\\r\\n<br>\\r\\n강제 업데이트는 9월 7일 오후 6시입니다. 감사합니다.", "type": 0}}, {"model": "apiserver.announcement", "pk": 14, "fields": {"time": "2020-01-16T01:07:22Z", "image": "https://codonmaster.000webhostapp.com/FixBug.png", "title": "Maintenance", "content": "A maintenance is scheduled for server upgrade. <br>\\r\\nDate : 2020.01.16. 12:00~(KST)\\r\\n<br>\\r\\nsorry for your inconvenience.", "title_ko": "서버 점검 안내", "content_ko": "서버 업그레이드를 위해 점검이 예정되어 있습니다. <br>\\r\\n일시 : 2020.01.16. 12:00~(KST)\\r\\n<br>\\r\\n더 좋은 내용으로 찾아뵙겠습니다.", "type": 0}}, {"model": "apiserver.announcement", "pk": 15, "fields": {"time": "2020-01-18T09:04:16Z", "image": "https://codonmaster.000webhostapp.com/update.png", "title": "ver 1.7 release", "content": "The ver 1.7 of codonmaster was released. The chagnges and new features are below:\\r\\n<br>\\r\\n<ul>\\r\\n<li> Fixed bugs. </li>\\r\\n<li> Added one letter mode. </li>\\r\\n</ul>\\r\\n<br>\\r\\nThe force update is done at Jan,19th. 6pm.\\r\\n Thank you.\\r\\n", "title_ko": "버전 1.7 릴리즈", "content_ko": "코돈 마스터의 1.7 버전이 릴리즈되었습니다. 개선 및 수정사항은 다음과 같습니다.\\r\\n<br>\\r\\n<ul>\\r\\n<li> 버그 수정 </li>\\r\\n<li> 1글자 모드 추가</li>\\r\\n</ul>\\r\\n<br>\\r\\n강제 업데이트는 1월 19일 오후 6시입니다. 감사합니다.", "type": 0}}, {"model": "apiserver.announcement", "pk": 16, "fields": {"time": "2020-03-14T10:53:37Z", "image": "https://codonmaster.000webhostapp.com/update.png", "title": "ver 1.8 release", "content": "The 1.8 version is released.\\r\\n\\r\\n<li> Fixed options' not being applied properly.", "title_ko": "1.8 버전 업데이트", "content_ko": "1.8 버전이 업데이트되었습니다.\\r\\n\\r\\n<li> 옵션이 제대로 적용되지 않는 버그 수정", "type": 0}}, {"model": "apiserver.ranking", "pk": 16, "fields": {"time": "2019-09-01T00:49:18Z", "score": 4366, "user": -100}}, {"model": "apiserver.ranking", "pk": 17, "fields": {"time": "2019-09-01T00:50:58Z", "score": 5481, "user": -100}}, {"model": "apiserver.ranking", "pk": 19, "fields": {"time": "2019-09-01T00:52:12Z", "score": 6223, "user": -100}}, {"model": "apiserver.ranking", "pk": 111, "fields": {"time": "2019-09-03T00:33:07Z", "score": 102, "user": -101}}, {"model": "apiserver.ranking", "pk": 167, "fields": {"time": "2019-09-03T00:38:26Z", "score": 306, "user": -101}}, {"model": "apiserver.ranking", "pk": 181, "fields": {"time": "2019-09-03T00:39:39Z", "score": 339, "user": -101}}, {"model": "apiserver.ranking", "pk": 246, "fields": {"time": "2019-09-03T00:43:16Z", "score": 413, "user": -101}}, {"model": "apiserver.ranking", "pk": 285, "fields": {"time": "2019-09-03T00:46:07Z", "score": 1162, "user": -101}}, {"model": "apiserver.ranking", "pk": 337, "fields": {"time": "2019-09-03T00:49:12Z", "score": 1479, "user": -101}}, {"model": "apiserver.ranking", "pk": 409, "fields": {"time": "2019-09-03T00:55:44Z", "score": 4031, "user": -101}}, {"model": "apiserver.ranking", "pk": 600, "fields": {"time": "2019-09-05T10:37:34Z", "score": 0, "user": -99}}, {"model": "apiserver.ranking", "pk": 624, "fields": {"time": "2019-09-05T16:32:33Z", "score": 33, "user": -101}}, {"model": "apiserver.ranking", "pk": 649, "fields": {"time": "2019-09-07T11:43:19Z", "score": 99, "user": -102}}, {"model": "apiserver.ranking", "pk": 650, "fields": {"time": "2019-09-07T11:44:34Z", "score": 102, "user": -102}}, {"model": "apiserver.ranking", "pk": 651, "fields": {"time": "2019-09-07T13:24:26Z", "score": 156, "user": -102}}, {"model": "apiserver.ranking", "pk": 670, "fields": {"time": "2019-09-08T05:23:09Z", "score": 94, "user": -99}}, {"model": "apiserver.ranking", "pk": 694, "fields": {"time": "2019-09-08T05:27:14Z", "score": 81, "user": -99}}, {"model": "apiserver.ranking", "pk": 758, "fields": {"time": "2019-09-08T12:35:17Z", "score": 99, "user": -101}}, {"model": "apiserver.ranking", "pk": 779, "fields": {"time": "2019-09-09T16:15:09Z", "score": 17614, "user": -100}}, {"model": "apiserver.ranking", "pk": 780, "fields": {"time": "2019-09-11T08:27:28Z", "score": 33, "user": -103}}, {"model": "apiserver.ranking", "pk": 781, "fields": {"time": "2019-09-11T08:52:15Z", "score": 92, "user": -104}}, {"model": "apiserver.ranking", "pk": 782, "fields": {"time": "2019-09-14T15:04:05Z", "score": 109, "user": -105}}, {"model": "apiserver.ranking", "pk": 783, "fields": {"time": "2019-09-24T09:52:17Z", "score": 152, "user": -99}}, {"model": "apiserver.ranking", "pk": 784, "fields": {"time": "2019-09-24T09:53:39Z", "score": 485, "user": -99}}, {"model": "apiserver.ranking", "pk": 785, "fields": {"time": "2019-09-24T09:55:57Z", "score": 743, "user": -99}}, {"model": "apiserver.ranking", "pk": 786, "fields": {"time": "2019-09-24T10:05:00Z", "score": 0, "user": -99}}, {"model": "apiserver.ranking", "pk": 787, "fields": {"time": "2019-09-24T10:06:48Z", "score": 0, "user": -99}}, {"model": "apiserver.ranking", "pk": 788, "fields": {"time": "2019-10-12T03:48:38Z", "score": 563, "user": -99}}, {"model": "apiserver.ranking", "pk": 789, "fields": {"time": "2019-10-12T03:49:06Z", "score": 618, "user": -99}}, {"model": "apiserver.ranking", "pk": 790, "fields": {"time": "2019-10-13T13:12:37Z", "score": 636, "user": -99}}, {"model": "apiserver.ranking", "pk": 791, "fields": {"time": "2019-10-14T00:27:02Z", "score": 449, "user": -99}}, {"model": "apiserver.ranking", "pk": 792, "fields": {"time": "2019-10-14T00:27:54Z", "score": 775, "user": -99}}, {"model": "apiserver.ranking", "pk": 793, "fields": {"time": "2019-10-28T10:47:12Z", "score": 195, "user": -99}}, {"model": "apiserver.ranking", "pk": 794, "fields": {"time": "2019-10-28T10:49:35Z", "score": 295, "user": -99}}, {"model": "apiserver.ranking", "pk": 795, "fields": {"time": "2019-10-30T11:33:12Z", "score": 394, "user": -99}}, {"model": "apiserver.ranking", "pk": 796, "fields": {"time": "2019-11-26T08:14:30Z", "score": 1209, "user": -106}}, {"model": "apiserver.ranking", "pk": 797, "fields": {"time": "2019-11-26T08:35:50Z", "score": 55928, "user": -106}}, {"model": "apiserver.ranking", "pk": 798, "fields": {"time": "2019-12-15T03:50:58Z", "score": 6418827, "user": -99}}, {"model": "apiserver.ranking", "pk": 799, "fields": {"time": "2019-12-17T23:51:13Z", "score": 3963, "user": -99}}, {"model": "apiserver.ranking", "pk": 800, "fields": {"time": "2019-12-17T23:52:32Z", "score": 678, "user": -99}}, {"model": "apiserver.ranking", "pk": 801, "fields": {"time": "2020-01-05T15:32:32Z", "score": 116, "user": -107}}, {"model": "apiserver.ranking", "pk": 802, "fields": {"time": "2020-01-05T15:33:32Z", "score": 92, "user": -107}}, {"model": "apiserver.ranking", "pk": 810, "fields": {"time": "2020-01-16T05:34:35Z", "score": 171, "user": -108}}, {"model": "apiserver.ranking", "pk": 885, "fields": {"time": "2020-01-18T08:32:52Z", "score": 208, "user": -108}}, {"model": "apiserver.ranking", "pk": 886, "fields": {"time": "2020-01-18T12:17:02Z", "score": 208, "user": -109}}, {"model": "apiserver.ranking", "pk": 887, "fields": {"time": "2020-01-20T01:57:45Z", "score": 1116, "user": -99}}, {"model": "apiserver.ranking", "pk": 888, "fields": {"time": "2020-01-20T04:07:06Z", "score": 1388, "user": -99}}, {"model": "apiserver.ranking", "pk": 889, "fields": {"time": "2020-01-20T04:07:39Z", "score": 328, "user": -99}}, {"model": "apiserver.ranking", "pk": 890, "fields": {"time": "2020-01-20T04:09:14Z", "score": 3237, "user": -99}}, {"model": "apiserver.ranking", "pk": 891, "fields": {"time": "2020-01-20T04:10:07Z", "score": 1080, "user": -99}}, {"model": "apiserver.ranking", "pk": 892, "fields": {"time": "2020-01-20T04:11:30Z", "score": 6155, "user": -99}}, {"model": "apiserver.ranking", "pk": 893, "fields": {"time": "2020-01-20T04:13:08Z", "score": 3580, "user": -99}}, {"model": "apiserver.ranking", "pk": 894, "fields": {"time": "2020-01-20T04:13:52Z", "score": 1154, "user": -99}}, {"model": "apiserver.ranking", "pk": 895, "fields": {"time": "2020-01-20T04:14:35Z", "score": 649, "user": -99}}, {"model": "apiserver.ranking", "pk": 896, "fields": {"time": "2020-01-20T04:15:00Z", "score": 501, "user": -99}}, {"model": "apiserver.ranking", "pk": 897, "fields": {"time": "2020-01-20T04:17:04Z", "score": 4729, "user": -99}}, {"model": "apiserver.ranking", "pk": 898, "fields": {"time": "2020-01-20T04:17:54Z", "score": 1549, "user": -99}}, {"model": "apiserver.ranking", "pk": 899, "fields": {"time": "2020-01-20T04:18:24Z", "score": 348, "user": -99}}, {"model": "apiserver.ranking", "pk": 900, "fields": {"time": "2020-01-20T04:19:12Z", "score": 1217, "user": -99}}, {"model": "apiserver.ranking", "pk": 901, "fields": {"time": "2020-01-20T04:19:50Z", "score": 996, "user": -99}}, {"model": "apiserver.ranking", "pk": 902, "fields": {"time": "2020-01-20T04:20:24Z", "score": 1804, "user": -99}}, {"model": "apiserver.ranking", "pk": 903, "fields": {"time": "2020-01-20T04:23:26Z", "score": 39781, "user": -99}}, {"model": "apiserver.ranking", "pk": 904, "fields": {"time": "2020-01-20T04:24:10Z", "score": 1548, "user": -99}}, {"model": "apiserver.ranking", "pk": 905, "fields": {"time": "2020-01-20T04:25:09Z", "score": 2642, "user": -99}}, {"model": "apiserver.ranking", "pk": 906, "fields": {"time": "2020-01-20T04:26:52Z", "score": 6446, "user": -99}}, {"model": "apiserver.ranking", "pk": 907, "fields": {"time": "2020-01-20T04:28:05Z", "score": 3018, "user": -99}}, {"model": "apiserver.ranking", "pk": 908, "fields": {"time": "2020-01-20T04:29:07Z", "score": 2565, "user": -99}}, {"model": "apiserver.ranking", "pk": 909, "fields": {"time": "2020-01-20T04:30:05Z", "score": 3363, "user": -99}}, {"model": "apiserver.ranking", "pk": 910, "fields": {"time": "2020-01-20T04:31:05Z", "score": 2591, "user": -99}}, {"model": "apiserver.ranking", "pk": 911, "fields": {"time": "2020-01-20T04:31:38Z", "score": 1033, "user": -99}}, {"model": "apiserver.ranking", "pk": 912, "fields": {"time": "2020-01-20T04:32:55Z", "score": 5135, "user": -99}}, {"model": "apiserver.ranking", "pk": 913, "fields": {"time": "2020-01-20T04:33:57Z", "score": 4899, "user": -99}}, {"model": "apiserver.ranking", "pk": 914, "fields": {"time": "2020-01-20T04:35:18Z", "score": 780, "user": -99}}, {"model": "apiserver.ranking", "pk": 915, "fields": {"time": "2020-01-20T04:36:24Z", "score": 2323, "user": -99}}, {"model": "apiserver.ranking", "pk": 916, "fields": {"time": "2020-01-20T04:37:17Z", "score": 1452, "user": -99}}, {"model": "apiserver.ranking", "pk": 917, "fields": {"time": "2020-01-20T07:10:57Z", "score": 2076, "user": -99}}, {"model": "apiserver.ranking", "pk": 918, "fields": {"time": "2020-01-20T07:12:28Z", "score": 6161, "user": -99}}, {"model": "apiserver.ranking", "pk": 919, "fields": {"time": "2020-01-24T04:02:23Z", "score": 626, "user": -99}}, {"model": "apiserver.ranking", "pk": 920, "fields": {"time": "2020-01-24T04:04:22Z", "score": 33, "user": -109}}, {"model": "apiserver.ranking", "pk": 921, "fields": {"time": "2020-01-26T03:33:48Z", "score": 601, "user": -114}}, {"model": "apiserver.ranking", "pk": 922, "fields": {"time": "2020-01-26T03:35:53Z", "score": 514, "user": -114}}, {"model": "apiserver.ranking", "pk": 923, "fields": {"time": "2020-01-26T03:44:39Z", "score": 2778, "user": -114}}, {"model": "apiserver.ranking", "pk": 924, "fields": {"time": "2020-02-02T08:21:17Z", "score": 755, "user": -110}}, {"model": "apiserver.ranking", "pk": 925, "fields": {"time": "2020-03-10T06:26:15Z", "score": 6688, "user": -116}}, {"model": "apiserver.ranking", "pk": 926, "fields": {"time": "2020-03-13T07:26:40Z", "score": 397, "user": -99}}, {"model": "apiserver.ranking", "pk": 927, "fields": {"time": "2020-03-13T07:29:04Z", "score": 364, "user": -99}}, {"model": "apiserver.ranking", "pk": 928, "fields": {"time": "2020-03-13T07:31:58Z", "score": 234, "user": -99}}, {"model": "apiserver.ranking", "pk": 929, "fields": {"time": "2020-03-13T07:33:13Z", "score": 267, "user": -99}}, {"model": "apiserver.ranking", "pk": 930, "fields": {"time": "2020-03-13T07:35:31Z", "score": 114, "user": -99}}, {"model": "apiserver.ranking", "pk": 931, "fields": {"time": "2020-03-14T10:16:15Z", "score": 244, "user": -115}}, {"model": "apiserver.ranking", "pk": 932, "fields": {"time": "2020-03-25T06:34:25Z", "score": 428, "user": -99}}, {"model": "apiserver.ranking", "pk": 933, "fields": {"time": "2020-03-27T07:04:20Z", "score": 7480, "user": -99}}, {"model": "apiserver.ranking", "pk": 934, "fields": {"time": "2020-03-28T17:16:35Z", "score": 357, "user": -111}}, {"model": "apiserver.ranking", "pk": 935, "fields": {"time": "2020-03-31T03:30:55Z", "score": 0, "user": -111}}, {"model": "apiserver.ranking", "pk": 936, "fields": {"time": "2020-03-31T03:31:38Z", "score": 306, "user": -111}}, {"model": "apiserver.ranking", "pk": 937, "fields": {"time": "2020-04-02T04:22:20Z", "score": 2105, "user": -99}}, {"model": "apiserver.ranking", "pk": 938, "fields": {"time": "2020-04-02T04:31:41Z", "score": 2926, "user": -99}}, {"model": "apiserver.ranking", "pk": 939, "fields": {"time": "2020-04-02T04:34:05Z", "score": 329, "user": -99}}, {"model": "apiserver.ranking", "pk": 940, "fields": {"time": "2020-04-03T03:32:39Z", "score": 2962, "user": -99}}, {"model": "apiserver.ranking", "pk": 941, "fields": {"time": "2020-04-06T17:25:25Z", "score": 202, "user": -99}}, {"model": "apiserver.ranking", "pk": 942, "fields": {"time": "2020-04-10T09:42:19Z", "score": 669, "user": -99}}, {"model": "apiserver.ranking", "pk": 943, "fields": {"time": "2020-04-11T02:47:37Z", "score": 3853, "user": -117}}, {"model": "apiserver.ranking", "pk": 944, "fields": {"time": "2020-04-18T03:52:25Z", "score": 66, "user": -99}}, {"model": "apiserver.ranking", "pk": 945, "fields": {"time": "2020-04-18T03:53:58Z", "score": 116, "user": -99}}, {"model": "apiserver.ranking", "pk": 946, "fields": {"time": "2020-04-18T03:55:28Z", "score": 0, "user": -99}}, {"model": "apiserver.ranking", "pk": 947, "fields": {"time": "2020-04-18T03:56:41Z", "score": 71, "user": -113}}, {"model": "apiserver.ranking", "pk": 948, "fields": {"time": "2020-04-18T03:57:54Z", "score": 208, "user": -113}}, {"model": "apiserver.ranking", "pk": 949, "fields": {"time": "2020-04-24T11:33:41Z", "score": 1446, "user": -111}}, {"model": "apiserver.ranking", "pk": 950, "fields": {"time": "2020-06-03T16:12:27Z", "score": 1023, "user": -99}}, {"model": "apiserver.ranking", "pk": 951, "fields": {"time": "2020-06-03T16:14:13Z", "score": 652, "user": -99}}, {"model": "apiserver.ranking", "pk": 952, "fields": {"time": "2020-06-03T16:42:09Z", "score": 945, "user": -99}}, {"model": "apiserver.ranking", "pk": 953, "fields": {"time": "2020-06-05T15:00:54Z", "score": 22880, "user": -112}}, {"model": "apiserver.ranking", "pk": 954, "fields": {"time": "2020-06-21T22:07:08Z", "score": 0, "user": -99}}, {"model": "apiserver.ranking", "pk": 955, "fields": {"time": "2020-06-21T22:08:13Z", "score": 99, "user": -99}}, {"model": "apiserver.ranking", "pk": 956, "fields": {"time": "2020-06-22T07:07:12Z", "score": 322, "user": -99}}, {"model": "apiserver.ranking", "pk": 957, "fields": {"time": "2020-06-30T13:27:09Z", "score": 367, "user": -99}}, {"model": "apiserver.ranking", "pk": 958, "fields": {"time": "2020-07-06T16:39:08Z", "score": 33, "user": -99}}, {"model": "apiserver.ranking", "pk": 959, "fields": {"time": "2020-07-13T09:56:27Z", "score": 0, "user": -109}}, {"model": "apiserver.ranking", "pk": 960, "fields": {"time": "2020-07-31T06:15:20Z", "score": 9912, "user": -110}}, {"model": "apiserver.ranking", "pk": 961, "fields": {"time": "2020-07-31T07:02:29Z", "score": 1271, "user": -99}}, {"model": "apiserver.ranking", "pk": 962, "fields": {"time": "2020-08-06T11:33:34Z", "score": 1470, "user": -99}}, {"model": "apiserver.ranking", "pk": 963, "fields": {"time": "2020-08-06T11:37:14Z", "score": 1236, "user": -99}}, {"model": "apiserver.ranking", "pk": 964, "fields": {"time": "2020-08-07T22:54:12Z", "score": 400, "user": -99}}, {"model": "apiserver.ranking", "pk": 965, "fields": {"time": "2020-08-08T00:35:17Z", "score": 1734, "user": -99}}, {"model": "apiserver.ranking", "pk": 966, "fields": {"time": "2020-08-08T13:28:25Z", "score": 31410, "user": -110}}, {"model": "apiserver.ranking", "pk": 967, "fields": {"time": "2020-08-16T02:37:27Z", "score": 100, "user": 1}}, {"model": "apiserver.ranking", "pk": 968, "fields": {"time": "2020-08-16T04:00:42.493Z", "score": 100, "user": 1}}, {"model": "apiserver.serverstatus", "pk": 1, "fields": {"data": "1.8", "description": "version"}}, {"model": "apiserver.serverstatus", "pk": 2, "fields": {"data": "false", "description": "isMaintenance"}}, {"model": "apiserver.serverstatus", "pk": 3, "fields": {"data": "false", "description": "isForceUpdate"}}]