[{"model": "auth.permission", "pk": 1, "fields": {"name": "Can add permission", "content_type": 1, "codename": "add_permission"}}, {"model": "auth.permission", "pk": 2, "fields": {"name": "Can change permission", "content_type": 1, "codename": "change_permission"}}, {"model": "auth.permission", "pk": 3, "fields": {"name": "Can delete permission", "content_type": 1, "codename": "delete_permission"}}, {"model": "auth.permission", "pk": 4, "fields": {"name": "Can view permission", "content_type": 1, "codename": "view_permission"}}, {"model": "auth.permission", "pk": 5, "fields": {"name": "Can add group", "content_type": 2, "codename": "add_group"}}, {"model": "auth.permission", "pk": 6, "fields": {"name": "Can change group", "content_type": 2, "codename": "change_group"}}, {"model": "auth.permission", "pk": 7, "fields": {"name": "Can delete group", "content_type": 2, "codename": "delete_group"}}, {"model": "auth.permission", "pk": 8, "fields": {"name": "Can view group", "content_type": 2, "codename": "view_group"}}, {"model": "auth.permission", "pk": 9, "fields": {"name": "Can add content type", "content_type": 3, "codename": "add_contenttype"}}, {"model": "auth.permission", "pk": 10, "fields": {"name": "Can change content type", "content_type": 3, "codename": "change_contenttype"}}, {"model": "auth.permission", "pk": 11, "fields": {"name": "Can delete content type", "content_type": 3, "codename": "delete_contenttype"}}, {"model": "auth.permission", "pk": 12, "fields": {"name": "Can view content type", "content_type": 3, "codename": "view_contenttype"}}, {"model": "auth.permission", "pk": 13, "fields": {"name": "Can add user", "content_type": 4, "codename": "add_myuser"}}, {"model": "auth.permission", "pk": 14, "fields": {"name": "Can change user", "content_type": 4, "codename": "change_myuser"}}, {"model": "auth.permission", "pk": 15, "fields": {"name": "Can delete user", "content_type": 4, "codename": "delete_myuser"}}, {"model": "auth.permission", "pk": 16, "fields": {"name": "Can view user", "content_type": 4, "codename": "view_myuser"}}, {"model": "auth.permission", "pk": 17, "fields": {"name": "Can add announcement", "content_type": 5, "codename": "add_announcement"}}, {"model": "auth.permission", "pk": 18, "fields": {"name": "Can change announcement", "content_type": 5, "codename": "change_announcement"}}, {"model": "auth.permission", "pk": 19, "fields": {"name": "Can delete announcement", "content_type": 5, "codename": "delete_announcement"}}, {"model": "auth.permission", "pk": 20, "fields": {"name": "Can view announcement", "content_type": 5, "codename": "view_announcement"}}, {"model": "auth.permission", "pk": 21, "fields": {"name": "Can add server status", "content_type": 6, "codename": "add_serverstatus"}}, {"model": "auth.permission", "pk": 22, "fields": {"name": "Can change server status", "content_type": 6, "codename": "change_serverstatus"}}, {"model": "auth.permission", "pk": 23, "fields": {"name": "Can delete server status", "content_type": 6, "codename": "delete_serverstatus"}}, {"model": "auth.permission", "pk": 24, "fields": {"name": "Can view server status", "content_type": 6, "codename": "view_serverstatus"}}, {"model": "auth.permission", "pk": 25, "fields": {"name": "Can add ranking", "content_type": 7, "codename": "add_ranking"}}, {"model": "auth.permission", "pk": 26, "fields": {"name": "Can change ranking", "content_type": 7, "codename": "change_ranking"}}, {"model": "auth.permission", "pk": 27, "fields": {"name": "Can delete ranking", "content_type": 7, "codename": "delete_ranking"}}, {"model": "auth.permission", "pk": 28, "fields": {"name": "Can view ranking", "content_type": 7, "codename": "view_ranking"}}, {"model": "auth.permission", "pk": 29, "fields": {"name": "Can add log entry", "content_type": 8, "codename": "add_logentry"}}, {"model": "auth.permission", "pk": 30, "fields": {"name": "Can change log entry", "content_type": 8, "codename": "change_logentry"}}, {"model": "auth.permission", "pk": 31, "fields": {"name": "Can delete log entry", "content_type": 8, "codename": "delete_logentry"}}, {"model": "auth.permission", "pk": 32, "fields": {"name": "Can view log entry", "content_type": 8, "codename": "view_logentry"}}, {"model": "auth.permission", "pk": 33, "fields": {"name": "Can add session", "content_type": 9, "codename": "add_session"}}, {"model": "auth.permission", "pk": 34, "fields": {"name": "Can change session", "content_type": 9, "codename": "change_session"}}, {"model": "auth.permission", "pk": 35, "fields": {"name": "Can delete session", "content_type": 9, "codename": "delete_session"}}, {"model": "auth.permission", "pk": 36, "fields": {"name": "Can view session", "content_type": 9, "codename": "view_session"}}, {"model": "contenttypes.contenttype", "pk": 1, "fields": {"app_label": "auth", "model": "permission"}}, {"model": "contenttypes.contenttype", "pk": 2, "fields": {"app_label": "auth", "model": "group"}}, {"model": "contenttypes.contenttype", "pk": 3, "fields": {"app_label": "contenttypes", "model": "contenttype"}}, {"model": "contenttypes.contenttype", "pk": 4, "fields": {"app_label": "apiserver", "model": "myuser"}}, {"model": "contenttypes.contenttype", "pk": 5, "fields": {"app_label": "apiserver", "model": "announcement"}}, {"model": "contenttypes.contenttype", "pk": 6, "fields": {"app_label": "apiserver", "model": "serverstatus"}}, {"model": "contenttypes.contenttype", "pk": 7, "fields": {"app_label": "apiserver", "model": "ranking"}}, {"model": "contenttypes.contenttype", "pk": 8, "fields": {"app_label": "admin", "model": "logentry"}}, {"model": "contenttypes.contenttype", "pk": 9, "fields": {"app_label": "sessions", "model": "session"}}, {"model": "apiserver.myuser", "pk": -117, "fields": {"password": "", "last_login": null, "is_superuser": false, "username": "NFame", "email": "", "is_staff": false, "is_active": false, "date_joined": "2019-09-01T13:52:14Z", "google_id": "", "money": 0, "jewel": 0, "jewel_2": 0, "experience": 0, "level": 0, "groups": [], "user_permissions": []}}, {"model": "apiserver.myuser", "pk": -116, "fields": {"password": "", "last_login": null, "is_superuser": false, "username": "\u314f", "email": "", "is_staff": false, "is_active": false, "date_joined": "2019-09-01T13:52:14Z", "google_id": "", "money": 0, "jewel": 0, "jewel_2": 0, "experience": 0, "level": 0, "groups": [], "user_permissions": []}}, {"model": "apiserver.myuser", "pk": -115, "fields": {"password": "", "last_login": null, "is_superuser": false, "username": "No thanks ", "email": "", "is_staff": false, "is_active": false, "date_joined": "2019-09-01T13:52:14Z", "google_id": "", "money": 0, "jewel": 0, "jewel_2": 0, "experience": 0, "level": 0, "groups": [], "user_permissions": []}}, {"model": "apiserver.myuser", "pk": -114, "fields": {"password": "", "last_login": null, "is_superuser": false, "username": "\ud06d", "email": "", "is_staff": false, "is_active": false, "date_joined": "2019-09-01T13:52:14Z", "google_id": "", "money": 0, "jewel": 0, "jewel_2": 0, "experience": 0, "level": 0, "groups": [], "user_permissions": []}}, {"model": "apiserver.myuser", "pk": -113, "fields": {"password": "", "last_login": null, "is_superuser": false, "username": "\uc0dd2\uc678\uc54a\ud5e4", "email": "", "is_staff": false, "is_active": false, "date_joined": "2019-09-01T13:52:14Z", "google_id": "", "money": 0, "jewel": 0, "jewel_2": 0, "experience": 0, "level": 0, "groups": [], "user_permissions": []}}, {"model": "apiserver.myuser", "pk": -112, "fields": {"password": "", "last_login": null, "is_superuser": false, "username": "\uc73d", "email": "", "is_staff": false, "is_active": false, "date_joined": "2019-09-01T13:52:14Z", "google_id": "", "money": 0, "jewel": 0, "jewel_2": 0, "experience": 0, "level": 0, "groups": [], "user_permissions": []}}, {"model": "apiserver.myuser", "pk": -111, "fields": {"password": "", "last_login": null, "is_superuser": false, "username": "\ub355\ubc30", "email": "", "is_staff": false, "is_active": false, "date_joined": "2019-09-01T13:52:14Z", "google_id": "", "money": 0, "jewel": 0, "jewel_2": 0, "experience": 0, "level": 0, "groups": [], "user_permissions": []}}, {"model": "apiserver.myuser", "pk": -110, "fields": {"password": "", "last_login": null, "is_superuser": false, "username": "\ucd5c\uc218\uc900 \uc0dd\uba85 1\ud0c0", "email": "", "is_staff": false, "is_active": false, "date_joined": "2019-09-01T13:52:14Z", "google_id": "", "money": 0, "jewel": 0, "jewel_2": 0, "experience": 0, "level": 0, "groups": [], "user_permissions": []}}, {"model": "apiserver.myuser", "pk": -109, "fields": {"password": "", "last_login": null, "is_superuser": false, "username": "\uc624\uc624", "email": "", "is_staff": false, "is_active": false, "date_joined": "2019-09-01T13:52:14Z", "google_id": "", "money": 0, "jewel": 0, "jewel_2": 0, "experience": 0, "level": 0, "groups": [], "user_permissions": []}}, {"model": "apiserver.myuser", "pk": -108, "fields": {"password": "", "last_login": null, "is_superuser": false, "username": "\uc721\uc721\ubabd", "email": "", "is_staff": false, "is_active": false, "date_joined": "2019-09-01T13:52:14Z", "google_id": "", "money": 0, "jewel": 0, "jewel_2": 0, "experience": 0, "level": 0, "groups": [], "user_permissions": []}}, {"model": "apiserver.myuser", "pk": -107, "fields": {"password": "", "last_login": null, "is_superuser": false, "username": "\uc5f0\uc6b0", "email": "", "is_staff": false, "is_active": false, "date_joined": "2019-09-01T13:52:14Z", "google_id": "", "money": 0, "jewel": 0, "jewel_2": 0, "experience": 0, "level": 0, "groups": [], "user_permissions": []}}, {"model": "apiserver.myuser", "pk": -106, "fields": {"password": "", "last_login": null, "is_superuser": false, "username": "\uae40\ud604", "email": "", "is_staff": false, "is_active": false, "date_joined": "2019-09-01T13:52:14Z", "google_id": "", "money": 0, "jewel": 0, "jewel_2": 0, "experience": 0, "level": 0, "groups": [], "user_permissions": []}}, {"model": "apiserver.myuser", "pk": -105, "fields": {"password": "", "last_login": null, "is_superuser": false, "username": "OG", "email": "", "is_staff": false, "is_active": false, "date_joined": "2019-09-01T13:52:14Z", "google_id": "", "money": 0, "jewel": 0, "jewel_2": 0, "experience": 0, "level": 0, "groups": [], "user_permissions": []}}, {"model": "apiserver.myuser", "pk": -104, "fields": {"password": "", "last_login": null, "is_superuser": false, "username": "MonsterArt", "email": "", "is_staff": false, "is_active": false, "date_joined": "2019-09-01T13:52:14Z", "google_id": "", "money": 0, "jewel": 0, "jewel_2": 0, "experience": 0, "level": 0, "groups": [], "user_permissions": []}}, {"model": "apiserver.myuser", "pk": -103, "fields": {"password": "", "last_login": null, "is_superuser": false, "username": "HttpNoooo", "email": "", "is_staff": false, "is_active": false, "date_joined": "2019-09-01T13:52:14Z", "google_id": "", "money": 0, "jewel": 0, "jewel_2": 0, "experience": 0, "level": 0, "groups": [], "user_permissions": []}}, {"model": "apiserver.myuser", "pk": -102, "fields": {"password": "", "last_login": null, "is_superuser": false, "username": "Duplicate3", "email": "", "is_staff": false, "is_active": false, "date_joined": "2019-09-01T13:52:14Z", "google_id": "", "money": 0, "jewel": 0, "jewel_2": 0, "experience": 0, "level": 0, "groups": [], "user_permissions": []}}, {"model": "apiserver.myuser", "pk": -101, "fields": {"password": "", "last_login": null, "is_superuser": false, "username": "NEO", "email": "", "is_staff": false, "is_active": false, "date_joined": "2019-09-01T13:52:14Z", "google_id": "", "money": 0, "jewel": 0, "jewel_2": 0, "experience": 0, "level": 0, "groups": [], "user_permissions": []}}, {"model": "apiserver.myuser", "pk": -100, "fields": {"password": "", "last_login": null, "is_superuser": false, "username": "osol", "email": "", "is_staff": false, "is_active": false, "date_joined": "2019-09-01T13:52:14Z", "google_id": "", "money": 0, "jewel": 0, "jewel_2": 0, "experience": 0, "level": 0, "groups": [], "user_permissions": []}}, {"model": "apiserver.myuser", "pk": -99, "fields": {"password": "", "last_login": null, "is_superuser": false, "username": "anonymous", "email": "", "is_staff": false, "is_active": false, "date_joined": "2019-09-01T13:52:14Z", "google_id": "", "money": 0, "jewel": 0, "jewel_2": 0, "experience": 0, "level": 0, "groups": [], "user_permissions": []}}, {"model": "apiserver.myuser", "pk": 1, "fields": {"password": "asdf", "last_login": null, "is_superuser": false, "username": "ahahahaha", "email": "", "is_staff": false, "is_active": true, "date_joined": "2020-08-16T02:23:27.511Z", "google_id": "blah", "money": 0, "jewel": 0, "jewel_2": 0, "experience": 0, "level": 0, "groups": [], "user_permissions": []}}, {"model": "apiserver.announcement", "pk": 1, "fields": {"time": "2019-08-30T14:40:50Z", "image": "https://codonmaster.000webhostapp.com/bug.png", "title": "Ranking is not reflected?", "content": "It is fixed in the newest version. Please update the game. Thank you.", "title_ko": "\ub7ad\ud0b9 \ub4f1\ub85d\uc774 \uc548 \ub418\uc5c8\ub358 \uc810\uc5d0 \ub300\ud558\uc5ec", "content_ko": "\ucf54\ub4dc\uc5d0 \uc624\ud0c0\ub97c \ub0b4\ub294 \ubc14\ub78c\uc5d0 \ub7ad\ud0b9 \ub4f1\ub85d\uc774 \uc548 \ub418\ub294 \ubb38\uc81c\uac00 \uc788\uc5c8\uc2b5\ub2c8\ub2e4. \uc0c8 \ubc84\uc804\uc5d0\uc11c\ub294 \uace0\uccd0\uc84c\uc73c\ub2c8 \uc0c8 \ubc84\uc804\uc744 \uc0ac\uc6a9\ud558\uc5ec \uc5c5\ub370\uc774\ud2b8\ud574 \uc8fc\uc2dc\uae30 \ubc14\ub78d\ub2c8\ub2e4. \uac10\uc0ac\ud569\ub2c8\ub2e4.", "type": 0}}, {"model": "apiserver.announcement", "pk": 2, "fields": {"time": "2019-08-31T08:14:19Z", "image": "https://codonmaster.000webhostapp.com/bug.png", "title": "The nickname input is covered by the ads and the keyboard", "content": "It is fixed in the newest version. Please update the game to see the improvements. Thank you!", "title_ko": "\uad11\uace0\uc640 \ud0a4\ubcf4\ub4dc\uc5d0 \uc785\ub825\ucc3d\uc774 \uac00\ub824\uc9c0\ub294 \ubb38\uc81c\uc5d0 \ub300\ud558\uc5ec", "content_ko": "\ud604\uc7ac \uad11\uace0\uc640 \ud0a4\ubcf4\ub4dc\uc5d0 \uc785\ub825\ucc3d\uc774 \uac00\ub824\uc9c0\ub294 \ubb38\uc81c\uac00 \uc788\uc2b5\ub2c8\ub2e4. \ub2e4\uc74c \ubc84\uc804\uc5d0\uc11c \ud574\uacb0\ud560 \uc608\uc815\uc785\ub2c8\ub2e4. \uac10\uc0ac\ud569\ub2c8\ub2e4.", "type": 0}}, {"model": "apiserver.announcement", "pk": 4, "fields": {"time": "2019-08-31T08:17:59Z", "image": "https://codonmaster.000webhostapp.com/bug.png", "title": "Too much performance in the game crashes the game", "content": "There is a bug that the game crashes when the user inputs quickly before the amino acids come out(using hint) Fixed in ver 1.5.", "title_ko": "\uac8c\uc784\uc744 \ub108\ubb34 \uc798 \ud558\uba74 \ud06c\ub798\uc2dc\ub418\ub294 \ubb38\uc81c\uc5d0 \ub300\ud558\uc5ec", "content_ko": "\ud604\uc7ac \ud78c\ud2b8\ub97c \uc774\uc6a9\ud558\uc5ec \uc544\ubbf8\ub178\uc0b0\uc774 \ub098\uc624\uae30\ub3c4 \uc804\uc5d0 \ucf54\ub3c8\uc744 \uc804\ubd80 \uc785\ub825\ud558\uba74 \uc571\uc774 \ud06c\ub798\uc2dc\ub418\ub294 \ubc84\uadf8\uac00 \uc788\uc2b5\ub2c8\ub2e4. \ub2e4\uc74c \ubc84\uc804\uc5d0\uc11c \uc218\uc815\ub429\ub2c8\ub2e4,", "type": 0}}, {"model": "apiserver.announcement", "pk": 7, "fields": {"time": "2019-09-01T11:21:15Z", "image": "https://codonmaster.000webhostapp.com/earth.png", "title": "Announcements are displayed in English", "content": "The internationalized announcements are displayed from ver 1.5 release. Thank you. Currently available language : ko", "title_ko": "\uacf5\uc9c0\uac00 \uc601\uc5b4\ub85c \ub098\uc62c \uc218\ub3c4 \uc788\ub294 \uac83\uc5d0 \ub300\ud558\uc5ec", "content_ko": "\ud604\uc7ac \ud574\uc678 \uc811\uc18d\uc790\uac00 \ud655\uc778\ub418\uc5b4 \uc601\uc5b4 \uacf5\uc9c0\ub97c \ucd94\uac00\ud558\uae30\ub85c \ud558\uc600\uc73c\uba70, \uacf5\uc9c0 \uc5b8\uc5b4\uc758 \uc815\uc0c1\uc801\uc778 \ubc18\uc601\uc740 \ub2e4\uc74c \ubc84\uc804\ubd80\ud130 \uc801\uc6a9\ub429\ub2c8\ub2e4. \uac10\uc0ac\ud569\ub2c8\ub2e4.", "type": 0}}, {"model": "apiserver.announcement", "pk": 8, "fields": {"time": "2019-09-01T11:21:15Z", "image": "", "title": "About the \\\"Genius\\\" user", "content": "It's the developer's test nickname. The crowded records of the user is now deleted.", "title_ko": "Genius \uc811\uc18d\uc790\uc5d0 \ub300\ud558\uc5ec", "content_ko": "\uac1c\ubc1c\uc790\uc758 \ud14c\uc2a4\ud2b8 \uacc4\uc815\uc785\ub2c8\ub2e4. \ud604\uc7ac \ub7ad\ud0b9\uc5d0 \ub2e4\ub7c9 \ucd9c\ud604\ud558\uc5ec \uc0ad\uc81c\ud558\ub294 \uc791\uc5c5\uc744 \uc9c4\ud589\ud558\uc600\uc2b5\ub2c8\ub2e4. \uac10\uc0ac\ud569\ub2c8\ub2e4.", "type": 0}}, {"model": "apiserver.announcement", "pk": 9, "fields": {"time": "2019-09-01T13:52:14Z", "image": "https://codonmaster.000webhostapp.com/update.png", "title": "ver 1.5 Release", "content": "A new version ver.1.5 is released.<br>\\r\\n\\r\\n- Improved UI and performance.<br>\\r\\n- Better support for internationalization <br>\\r\\n- Fixed bugs <br>\\r\\n- Changed life penalties<br>\\r\\n\\r\\nPlease update this app soon.<br>\\r\\n\\r\\nThe force update will be done at Sep. 5th. 3P.M. thank you.<br>", "title_ko": "ver 1.5 \ub9b4\ub9ac\uc2a4", "content_ko": "\uc0c8\ub85c\uc6b4 \ubc84\uc804 1.5\uac00 \uac8c\uc2dc\ub418\uc5c8\uc2b5\ub2c8\ub2e4. <br>\\r\\n\\r\\n- UI\uc640 \uc131\ub2a5 \uac1c\uc120<br>\\r\\n- \uad6d\uc81c\ud654 \uae30\ub2a5 \uc9c0\uc6d0 \uac1c\uc120<br>\\r\\n- \ubc84\uadf8 \uc218\uc815<br>\\r\\n- \ub77c\uc774\ud504 \ud328\ub110\ud2f0 \ubcc0\uacbd<br>\\r\\n<br>\\r\\n\ube60\ub978 \uc2dc\uc77c \ub0b4\uc5d0 \uc5c5\ub370\uc774\ud2b8 \ubd80\ud0c1\ub4dc\ub9bd\ub2c8\ub2e4.<br>\\r\\n<br>\\r\\n\uac15\uc81c \uc5c5\ub370\uc774\ud2b8\ub294 9\uc6d4 5\uc77c \uc624\ud6c4 3\uc2dc\uc600\uc73c\ub098 \uc0c8\ub85c\uc6b4 \ubc84\uc804 1.6\uc73c\ub85c \ubc14\ub85c \uc810\ud504\ud558\uae30\uc704\ud574 9\uc6d4 7\uc77c 3\uc2dc\ub85c \ubcc0\uacbd\ub418\uc5c8\uc2b5\ub2c8\ub2e4. \uac10\uc0ac\ud569\ub2c8\ub2e4. <br>", "type": 0}}, {"model": "apiserver.announcement", "pk": 10, "fields": {"time": "2019-09-02T07:24:04Z", "image": "https://codonmaster.000webhostapp.com/earth.png", "title": "About announcements' language", "content": "The announcements will be tralnslated to English soon. Thank you.", "title_ko": "\ub3c4\uc6c0\ub9d0 \ub0b4\uc6a9\uc774 \uc601\uc5b4\ub85c \ub098\uc624\ub294 \ubb38\uc81c\uc5d0 \ub300\ud558\uc5ec", "content_ko": "\ub3c4\uc6c0\ub9d0 \ub0b4\uc6a9\uc774 \uc601\uc5b4\ub85c \ub098\uc624\ub294 \ubb38\uc81c\uac00 \uc788\uc5c8\uc2b5\ub2c8\ub2e4. \ud604\uc7ac\ub294 \ud574\uacb0\ub418\uc5c8\uc73c\ub2c8 \ub2e4\uc2dc \ud655\uc778 \uac00\ub2a5\ud569\ub2c8\ub2e4. \uac10\uc0ac\ud569\ub2c8\ub2e4.", "type": 0}}, {"model": "apiserver.announcement", "pk": 11, "fields": {"time": "2019-09-04T08:23:33Z", "image": "https://codonmaster.000webhostapp.com/bug.png", "title": "About numerous identical ranking data", "content": "A bug that several identical records are registered in the same time has been found. I am looking for the cause of the bug. Thank you.", "title_ko": "\uac19\uc740 \uc810\uc218\uc758 \ub7ad\ud0b9\uc774 \uc218\uc2ed\uac1c\uac00 \uac19\uc740 \uc2dc\uac04\uc5d0 \ub4f1\ub85d\ub418\ub294 \ubc84\uadf8", "content_ko": "\uac19\uc740 \uc810\uc218\uc758 \ub7ad\ud0b9\uc774 \uc218\uc2ed\uac1c\uac00 \uac19\uc740 \uc2dc\uac04\uc5d0 \ub4f1\ub85d\ub418\ub294 \ubc84\uadf8\uac00 \ud655\uc778\ub418\uc5c8\uc2b5\ub2c8\ub2e4. \ud604\uc7ac \uc6d0\uc778 \ud30c\uc545 \uc911\uc5d0 \uc788\uc2b5\ub2c8\ub2e4. \uac10\uc0ac\ud569\ub2c8\ub2e4.", "type": 0}}, {"model": "apiserver.announcement", "pk": 12, "fields": {"time": "2019-09-05T04:33:34Z", "image": "https://codonmaster.000webhostapp.com/FixBug.png", "title": "Fixed duplicate score bugs", "content": "The duplicate score records were fixed today. Please update to the latest version to prevent this phenomenon from happening again. (The new version has not been released yet)", "title_ko": "\ub7ad\ud0b9\uc758 \uc911\ubcf5\ub41c \ub808\ucf54\ub4dc \ubb38\uc81c\uac00 \uc218\uc815\ub418\uc5c8\uc2b5\ub2c8\ub2e4", "content_ko": "\uc911\ubcf5\ub41c \ub808\ucf54\ub4dc\ub97c \uc804\ubd80 \uc81c\uac70\ud558\uc600\uc2b5\ub2c8\ub2e4. \ubc84\uadf8 \uc218\uc815\ud310\uc740 \ub0b4\uc77c \uacf5\uac1c\ub420 \uc608\uc815\uc785\ub2c8\ub2e4. \uac10\uc0ac\ud569\ub2c8\ub2e4.", "type": 0}}, {"model": "apiserver.announcement", "pk": 13, "fields": {"time": "2019-09-07T14:27:01Z", "image": "https://codonmaster.000webhostapp.com/update.png", "title": "ver 1.6 release", "content": "The ver 1.6 of codonmaster was released. The chagnes and new features are below:\\r\\n<br>\\r\\n<ul>\\r\\n<li> Fixed duplicate record bugs. </li>\\r\\n<li> Separated online mode and offline mode. </li>\\r\\n</ul>\\r\\n<br>\\r\\nThe force update is done at Sep,08th. 6pm.\\r\\n Thank you.", "title_ko": "\ubc84\uc804 1.6 \ub9b4\ub9ac\uc988", "content_ko": "\ucf54\ub3c8 \ub9c8\uc2a4\ud130\uc758 1.6 \ubc84\uc804\uc774 \ub9b4\ub9ac\uc988\ub418\uc5c8\uc2b5\ub2c8\ub2e4. \uac1c\uc120 \ubc0f \uc218\uc815\uc0ac\ud56d\uc740 \ub2e4\uc74c\uacfc \uac19\uc2b5\ub2c8\ub2e4.\\r\\n<br>\\r\\n<ul>\\r\\n<li> \uc911\ubcf5 \ub7ad\ud0b9 \ub808\ucf54\ub4dc \ubc84\uadf8 \uc218\uc815 </li>\\r\\n<li> \uc628\ub77c\uc778 \ubaa8\ub4dc\uc640 \uc624\ud504\ub77c\uc778 \ubaa8\ub4dc\uc758 \ubd84\ub9ac </li>\\r\\n</ul>\\r\\n<br>\\r\\n\uac15\uc81c \uc5c5\ub370\uc774\ud2b8\ub294 9\uc6d4 7\uc77c \uc624\ud6c4 6\uc2dc\uc785\ub2c8\ub2e4. \uac10\uc0ac\ud569\ub2c8\ub2e4.", "type": 0}}, {"model": "apiserver.announcement", "pk": 14, "fields": {"time": "2020-01-16T01:07:22Z", "image": "https://codonmaster.000webhostapp.com/FixBug.png", "title": "Maintenance", "content": "A maintenance is scheduled for server upgrade. <br>\\r\\nDate : 2020.01.16. 12:00~(KST)\\r\\n<br>\\r\\nsorry for your inconvenience.", "title_ko": "\uc11c\ubc84 \uc810\uac80 \uc548\ub0b4", "content_ko": "\uc11c\ubc84 \uc5c5\uadf8\ub808\uc774\ub4dc\ub97c \uc704\ud574 \uc810\uac80\uc774 \uc608\uc815\ub418\uc5b4 \uc788\uc2b5\ub2c8\ub2e4. <br>\\r\\n\uc77c\uc2dc : 2020.01.16. 12:00~(KST)\\r\\n<br>\\r\\n\ub354 \uc88b\uc740 \ub0b4\uc6a9\uc73c\ub85c \ucc3e\uc544\ubd59\uaca0\uc2b5\ub2c8\ub2e4.", "type": 0}}, {"model": "apiserver.announcement", "pk": 15, "fields": {"time": "2020-01-18T09:04:16Z", "image": "https://codonmaster.000webhostapp.com/update.png", "title": "ver 1.7 release", "content": "The ver 1.7 of codonmaster was released. The chagnges and new features are below:\\r\\n<br>\\r\\n<ul>\\r\\n<li> Fixed bugs. </li>\\r\\n<li> Added one letter mode. </li>\\r\\n</ul>\\r\\n<br>\\r\\nThe force update is done at Jan,19th. 6pm.\\r\\n Thank you.\\r\\n", "title_ko": "\ubc84\uc804 1.7 \ub9b4\ub9ac\uc988", "content_ko": "\ucf54\ub3c8 \ub9c8\uc2a4\ud130\uc758 1.7 \ubc84\uc804\uc774 \ub9b4\ub9ac\uc988\ub418\uc5c8\uc2b5\ub2c8\ub2e4. \uac1c\uc120 \ubc0f \uc218\uc815\uc0ac\ud56d\uc740 \ub2e4\uc74c\uacfc \uac19\uc2b5\ub2c8\ub2e4.\\r\\n<br>\\r\\n<ul>\\r\\n<li> \ubc84\uadf8 \uc218\uc815 </li>\\r\\n<li> 1\uae00\uc790 \ubaa8\ub4dc \ucd94\uac00</li>\\r\\n</ul>\\r\\n<br>\\r\\n\uac15\uc81c \uc5c5\ub370\uc774\ud2b8\ub294 1\uc6d4 19\uc77c \uc624\ud6c4 6\uc2dc\uc785\ub2c8\ub2e4. \uac10\uc0ac\ud569\ub2c8\ub2e4.", "type": 0}}, {"model": "apiserver.announcement", "pk": 16, "fields": {"time": "2020-03-14T10:53:37Z", "image": "https://codonmaster.000webhostapp.com/update.png", "title": "ver 1.8 release", "content": "The 1.8 version is released.\\r\\n\\r\\n<li> Fixed options' not being applied properly.", "title_ko": "1.8 \ubc84\uc804 \uc5c5\ub370\uc774\ud2b8", "content_ko": "1.8 \ubc84\uc804\uc774 \uc5c5\ub370\uc774\ud2b8\ub418\uc5c8\uc2b5\ub2c8\ub2e4.\\r\\n\\r\\n<li> \uc635\uc158\uc774 \uc81c\ub300\ub85c \uc801\uc6a9\ub418\uc9c0 \uc54a\ub294 \ubc84\uadf8 \uc218\uc815", "type": 0}}, {"model": "apiserver.ranking", "pk": 16, "fields": {"time": "2019-09-01 00:49:18", "score": 4366, "user": -100}}, {"model": "apiserver.ranking", "pk": 17, "fields": {"time": "2019-09-01 00:50:58", "score": 5481, "user": -100}}, {"model": "apiserver.ranking", "pk": 19, "fields": {"time": "2019-09-01 00:52:12", "score": 6223, "user": -100}}, {"model": "apiserver.ranking", "pk": 111, "fields": {"time": "2019-09-03 00:33:07", "score": 102, "user": -101}}, {"model": "apiserver.ranking", "pk": 167, "fields": {"time": "2019-09-03 00:38:26", "score": 306, "user": -101}}, {"model": "apiserver.ranking", "pk": 181, "fields": {"time": "2019-09-03 00:39:39", "score": 339, "user": -101}}, {"model": "apiserver.ranking", "pk": 246, "fields": {"time": "2019-09-03 00:43:16", "score": 413, "user": -101}}, {"model": "apiserver.ranking", "pk": 285, "fields": {"time": "2019-09-03 00:46:07", "score": 1162, "user": -101}}, {"model": "apiserver.ranking", "pk": 337, "fields": {"time": "2019-09-03 00:49:12", "score": 1479, "user": -101}}, {"model": "apiserver.ranking", "pk": 409, "fields": {"time": "2019-09-03 00:55:44", "score": 4031, "user": -101}}, {"model": "apiserver.ranking", "pk": 600, "fields": {"time": "2019-09-05 10:37:34", "score": 0, "user": -99}}, {"model": "apiserver.ranking", "pk": 624, "fields": {"time": "2019-09-05 16:32:33", "score": 33, "user": -101}}, {"model": "apiserver.ranking", "pk": 649, "fields": {"time": "2019-09-07 11:43:19", "score": 99, "user": -102}}, {"model": "apiserver.ranking", "pk": 650, "fields": {"time": "2019-09-07 11:44:34", "score": 102, "user": -102}}, {"model": "apiserver.ranking", "pk": 651, "fields": {"time": "2019-09-07 13:24:26", "score": 156, "user": -102}}, {"model": "apiserver.ranking", "pk": 670, "fields": {"time": "2019-09-08 05:23:09", "score": 94, "user": -99}}, {"model": "apiserver.ranking", "pk": 694, "fields": {"time": "2019-09-08 05:27:14", "score": 81, "user": -99}}, {"model": "apiserver.ranking", "pk": 758, "fields": {"time": "2019-09-08 12:35:17", "score": 99, "user": -101}}, {"model": "apiserver.ranking", "pk": 779, "fields": {"time": "2019-09-09 16:15:09", "score": 17614, "user": -100}}, {"model": "apiserver.ranking", "pk": 780, "fields": {"time": "2019-09-11 08:27:28", "score": 33, "user": -103}}, {"model": "apiserver.ranking", "pk": 781, "fields": {"time": "2019-09-11 08:52:15", "score": 92, "user": -104}}, {"model": "apiserver.ranking", "pk": 782, "fields": {"time": "2019-09-14 15:04:05", "score": 109, "user": -105}}, {"model": "apiserver.ranking", "pk": 783, "fields": {"time": "2019-09-24 09:52:17", "score": 152, "user": -99}}, {"model": "apiserver.ranking", "pk": 784, "fields": {"time": "2019-09-24 09:53:39", "score": 485, "user": -99}}, {"model": "apiserver.ranking", "pk": 785, "fields": {"time": "2019-09-24 09:55:57", "score": 743, "user": -99}}, {"model": "apiserver.ranking", "pk": 786, "fields": {"time": "2019-09-24 10:05:00", "score": 0, "user": -99}}, {"model": "apiserver.ranking", "pk": 787, "fields": {"time": "2019-09-24 10:06:48", "score": 0, "user": -99}}, {"model": "apiserver.ranking", "pk": 788, "fields": {"time": "2019-10-12 03:48:38", "score": 563, "user": -99}}, {"model": "apiserver.ranking", "pk": 789, "fields": {"time": "2019-10-12 03:49:06", "score": 618, "user": -99}}, {"model": "apiserver.ranking", "pk": 790, "fields": {"time": "2019-10-13 13:12:37", "score": 636, "user": -99}}, {"model": "apiserver.ranking", "pk": 791, "fields": {"time": "2019-10-14 00:27:02", "score": 449, "user": -99}}, {"model": "apiserver.ranking", "pk": 792, "fields": {"time": "2019-10-14 00:27:54", "score": 775, "user": -99}}, {"model": "apiserver.ranking", "pk": 793, "fields": {"time": "2019-10-28 10:47:12", "score": 195, "user": -99}}, {"model": "apiserver.ranking", "pk": 794, "fields": {"time": "2019-10-28 10:49:35", "score": 295, "user": -99}}, {"model": "apiserver.ranking", "pk": 795, "fields": {"time": "2019-10-30 11:33:12", "score": 394, "user": -99}}, {"model": "apiserver.ranking", "pk": 796, "fields": {"time": "2019-11-26 08:14:30", "score": 1209, "user": -106}}, {"model": "apiserver.ranking", "pk": 797, "fields": {"time": "2019-11-26 08:35:50", "score": 55928, "user": -106}}, {"model": "apiserver.ranking", "pk": 798, "fields": {"time": "2019-12-15 03:50:58", "score": 6418827, "user": -99}}, {"model": "apiserver.ranking", "pk": 799, "fields": {"time": "2019-12-17 23:51:13", "score": 3963, "user": -99}}, {"model": "apiserver.ranking", "pk": 800, "fields": {"time": "2019-12-17 23:52:32", "score": 678, "user": -99}}, {"model": "apiserver.ranking", "pk": 801, "fields": {"time": "2020-01-05 15:32:32", "score": 116, "user": -107}}, {"model": "apiserver.ranking", "pk": 802, "fields": {"time": "2020-01-05 15:33:32", "score": 92, "user": -107}}, {"model": "apiserver.ranking", "pk": 810, "fields": {"time": "2020-01-16 05:34:35", "score": 171, "user": -108}}, {"model": "apiserver.ranking", "pk": 885, "fields": {"time": "2020-01-18 08:32:52", "score": 208, "user": -108}}, {"model": "apiserver.ranking", "pk": 886, "fields": {"time": "2020-01-18 12:17:02", "score": 208, "user": -109}}, {"model": "apiserver.ranking", "pk": 887, "fields": {"time": "2020-01-20 01:57:45", "score": 1116, "user": -99}}, {"model": "apiserver.ranking", "pk": 888, "fields": {"time": "2020-01-20 04:07:06", "score": 1388, "user": -99}}, {"model": "apiserver.ranking", "pk": 889, "fields": {"time": "2020-01-20 04:07:39", "score": 328, "user": -99}}, {"model": "apiserver.ranking", "pk": 890, "fields": {"time": "2020-01-20 04:09:14", "score": 3237, "user": -99}}, {"model": "apiserver.ranking", "pk": 891, "fields": {"time": "2020-01-20 04:10:07", "score": 1080, "user": -99}}, {"model": "apiserver.ranking", "pk": 892, "fields": {"time": "2020-01-20 04:11:30", "score": 6155, "user": -99}}, {"model": "apiserver.ranking", "pk": 893, "fields": {"time": "2020-01-20 04:13:08", "score": 3580, "user": -99}}, {"model": "apiserver.ranking", "pk": 894, "fields": {"time": "2020-01-20 04:13:52", "score": 1154, "user": -99}}, {"model": "apiserver.ranking", "pk": 895, "fields": {"time": "2020-01-20 04:14:35", "score": 649, "user": -99}}, {"model": "apiserver.ranking", "pk": 896, "fields": {"time": "2020-01-20 04:15:00", "score": 501, "user": -99}}, {"model": "apiserver.ranking", "pk": 897, "fields": {"time": "2020-01-20 04:17:04", "score": 4729, "user": -99}}, {"model": "apiserver.ranking", "pk": 898, "fields": {"time": "2020-01-20 04:17:54", "score": 1549, "user": -99}}, {"model": "apiserver.ranking", "pk": 899, "fields": {"time": "2020-01-20 04:18:24", "score": 348, "user": -99}}, {"model": "apiserver.ranking", "pk": 900, "fields": {"time": "2020-01-20 04:19:12", "score": 1217, "user": -99}}, {"model": "apiserver.ranking", "pk": 901, "fields": {"time": "2020-01-20 04:19:50", "score": 996, "user": -99}}, {"model": "apiserver.ranking", "pk": 902, "fields": {"time": "2020-01-20 04:20:24", "score": 1804, "user": -99}}, {"model": "apiserver.ranking", "pk": 903, "fields": {"time": "2020-01-20 04:23:26", "score": 39781, "user": -99}}, {"model": "apiserver.ranking", "pk": 904, "fields": {"time": "2020-01-20 04:24:10", "score": 1548, "user": -99}}, {"model": "apiserver.ranking", "pk": 905, "fields": {"time": "2020-01-20 04:25:09", "score": 2642, "user": -99}}, {"model": "apiserver.ranking", "pk": 906, "fields": {"time": "2020-01-20 04:26:52", "score": 6446, "user": -99}}, {"model": "apiserver.ranking", "pk": 907, "fields": {"time": "2020-01-20 04:28:05", "score": 3018, "user": -99}}, {"model": "apiserver.ranking", "pk": 908, "fields": {"time": "2020-01-20 04:29:07", "score": 2565, "user": -99}}, {"model": "apiserver.ranking", "pk": 909, "fields": {"time": "2020-01-20 04:30:05", "score": 3363, "user": -99}}, {"model": "apiserver.ranking", "pk": 910, "fields": {"time": "2020-01-20 04:31:05", "score": 2591, "user": -99}}, {"model": "apiserver.ranking", "pk": 911, "fields": {"time": "2020-01-20 04:31:38", "score": 1033, "user": -99}}, {"model": "apiserver.ranking", "pk": 912, "fields": {"time": "2020-01-20 04:32:55", "score": 5135, "user": -99}}, {"model": "apiserver.ranking", "pk": 913, "fields": {"time": "2020-01-20 04:33:57", "score": 4899, "user": -99}}, {"model": "apiserver.ranking", "pk": 914, "fields": {"time": "2020-01-20 04:35:18", "score": 780, "user": -99}}, {"model": "apiserver.ranking", "pk": 915, "fields": {"time": "2020-01-20 04:36:24", "score": 2323, "user": -99}}, {"model": "apiserver.ranking", "pk": 916, "fields": {"time": "2020-01-20 04:37:17", "score": 1452, "user": -99}}, {"model": "apiserver.ranking", "pk": 917, "fields": {"time": "2020-01-20 07:10:57", "score": 2076, "user": -99}}, {"model": "apiserver.ranking", "pk": 918, "fields": {"time": "2020-01-20 07:12:28", "score": 6161, "user": -99}}, {"model": "apiserver.ranking", "pk": 919, "fields": {"time": "2020-01-24 04:02:23", "score": 626, "user": -99}}, {"model": "apiserver.ranking", "pk": 920, "fields": {"time": "2020-01-24 04:04:22", "score": 33, "user": -109}}, {"model": "apiserver.ranking", "pk": 921, "fields": {"time": "2020-01-26 03:33:48", "score": 601, "user": -114}}, {"model": "apiserver.ranking", "pk": 922, "fields": {"time": "2020-01-26 03:35:53", "score": 514, "user": -114}}, {"model": "apiserver.ranking", "pk": 923, "fields": {"time": "2020-01-26 03:44:39", "score": 2778, "user": -114}}, {"model": "apiserver.ranking", "pk": 924, "fields": {"time": "2020-02-02 08:21:17", "score": 755, "user": -110}}, {"model": "apiserver.ranking", "pk": 925, "fields": {"time": "2020-03-10 06:26:15", "score": 6688, "user": -116}}, {"model": "apiserver.ranking", "pk": 926, "fields": {"time": "2020-03-13 07:26:40", "score": 397, "user": -99}}, {"model": "apiserver.ranking", "pk": 927, "fields": {"time": "2020-03-13 07:29:04", "score": 364, "user": -99}}, {"model": "apiserver.ranking", "pk": 928, "fields": {"time": "2020-03-13 07:31:58", "score": 234, "user": -99}}, {"model": "apiserver.ranking", "pk": 929, "fields": {"time": "2020-03-13 07:33:13", "score": 267, "user": -99}}, {"model": "apiserver.ranking", "pk": 930, "fields": {"time": "2020-03-13 07:35:31", "score": 114, "user": -99}}, {"model": "apiserver.ranking", "pk": 931, "fields": {"time": "2020-03-14 10:16:15", "score": 244, "user": -115}}, {"model": "apiserver.ranking", "pk": 932, "fields": {"time": "2020-03-25 06:34:25", "score": 428, "user": -99}}, {"model": "apiserver.ranking", "pk": 933, "fields": {"time": "2020-03-27 07:04:20", "score": 7480, "user": -99}}, {"model": "apiserver.ranking", "pk": 934, "fields": {"time": "2020-03-28 17:16:35", "score": 357, "user": -111}}, {"model": "apiserver.ranking", "pk": 935, "fields": {"time": "2020-03-31 03:30:55", "score": 0, "user": -111}}, {"model": "apiserver.ranking", "pk": 936, "fields": {"time": "2020-03-31 03:31:38", "score": 306, "user": -111}}, {"model": "apiserver.ranking", "pk": 937, "fields": {"time": "2020-04-02 04:22:20", "score": 2105, "user": -99}}, {"model": "apiserver.ranking", "pk": 938, "fields": {"time": "2020-04-02 04:31:41", "score": 2926, "user": -99}}, {"model": "apiserver.ranking", "pk": 939, "fields": {"time": "2020-04-02 04:34:05", "score": 329, "user": -99}}, {"model": "apiserver.ranking", "pk": 940, "fields": {"time": "2020-04-03 03:32:39", "score": 2962, "user": -99}}, {"model": "apiserver.ranking", "pk": 941, "fields": {"time": "2020-04-06 17:25:25", "score": 202, "user": -99}}, {"model": "apiserver.ranking", "pk": 942, "fields": {"time": "2020-04-10 09:42:19", "score": 669, "user": -99}}, {"model": "apiserver.ranking", "pk": 943, "fields": {"time": "2020-04-11 02:47:37", "score": 3853, "user": -117}}, {"model": "apiserver.ranking", "pk": 944, "fields": {"time": "2020-04-18 03:52:25", "score": 66, "user": -99}}, {"model": "apiserver.ranking", "pk": 945, "fields": {"time": "2020-04-18 03:53:58", "score": 116, "user": -99}}, {"model": "apiserver.ranking", "pk": 946, "fields": {"time": "2020-04-18 03:55:28", "score": 0, "user": -99}}, {"model": "apiserver.ranking", "pk": 947, "fields": {"time": "2020-04-18 03:56:41", "score": 71, "user": -113}}, {"model": "apiserver.ranking", "pk": 948, "fields": {"time": "2020-04-18 03:57:54", "score": 208, "user": -113}}, {"model": "apiserver.ranking", "pk": 949, "fields": {"time": "2020-04-24 11:33:41", "score": 1446, "user": -111}}, {"model": "apiserver.ranking", "pk": 950, "fields": {"time": "2020-06-03 16:12:27", "score": 1023, "user": -99}}, {"model": "apiserver.ranking", "pk": 951, "fields": {"time": "2020-06-03 16:14:13", "score": 652, "user": -99}}, {"model": "apiserver.ranking", "pk": 952, "fields": {"time": "2020-06-03 16:42:09", "score": 945, "user": -99}}, {"model": "apiserver.ranking", "pk": 953, "fields": {"time": "2020-06-05 15:00:54", "score": 22880, "user": -112}}, {"model": "apiserver.ranking", "pk": 954, "fields": {"time": "2020-06-21 22:07:08", "score": 0, "user": -99}}, {"model": "apiserver.ranking", "pk": 955, "fields": {"time": "2020-06-21 22:08:13", "score": 99, "user": -99}}, {"model": "apiserver.ranking", "pk": 956, "fields": {"time": "2020-06-22 07:07:12", "score": 322, "user": -99}}, {"model": "apiserver.ranking", "pk": 957, "fields": {"time": "2020-06-30 13:27:09", "score": 367, "user": -99}}, {"model": "apiserver.ranking", "pk": 958, "fields": {"time": "2020-07-06 16:39:08", "score": 33, "user": -99}}, {"model": "apiserver.ranking", "pk": 959, "fields": {"time": "2020-07-13 09:56:27", "score": 0, "user": -109}}, {"model": "apiserver.ranking", "pk": 960, "fields": {"time": "2020-07-31 06:15:20", "score": 9912, "user": -110}}, {"model": "apiserver.ranking", "pk": 961, "fields": {"time": "2020-07-31 07:02:29", "score": 1271, "user": -99}}, {"model": "apiserver.ranking", "pk": 962, "fields": {"time": "2020-08-06 11:33:34", "score": 1470, "user": -99}}, {"model": "apiserver.ranking", "pk": 963, "fields": {"time": "2020-08-06 11:37:14", "score": 1236, "user": -99}}, {"model": "apiserver.ranking", "pk": 964, "fields": {"time": "2020-08-07 22:54:12", "score": 400, "user": -99}}, {"model": "apiserver.ranking", "pk": 965, "fields": {"time": "2020-08-08 00:35:17", "score": 1734, "user": -99}}, {"model": "apiserver.ranking", "pk": 966, "fields": {"time": "2020-08-08 13:28:25", "score": 31410, "user": -110}}, {"model": "apiserver.ranking", "pk": 967, "fields": {"time": "2020-08-16 02:37:27", "score": 100, "user": 1}}, {"model": "apiserver.serverstatus", "pk": 1, "fields": {"data": "1.8", "description": "version"}}, {"model": "apiserver.serverstatus", "pk": 2, "fields": {"data": "false", "description": "isMaintenance"}}, {"model": "apiserver.serverstatus", "pk": 3, "fields": {"data": "false", "description": "isForceUpdate"}}]